date_et,sector,n_articles,top_source_share,stale_share,near_dup_rate
2025-09-09,AEROSPACE & DEFENSE,9,0.5555555555555556,0.1111111111111111,0.004149377593360981
2025-09-09,AIRLINES,2,0.5,0.0,0.004149377593360981
2025-09-09,AUTO COMPONENTS,5,0.4,0.4,0.004149377593360981
2025-09-09,AUTOMOBILES,16,0.375,0.125,0.004149377593360981
2025-09-09,BANKING,10,0.6,0.0,0.004149377593360981
2025-09-09,BEVERAGES,1,1.0,0.0,0.004149377593360981
2025-09-09,BIOTECHNOLOGY,26,0.6923076923076923,0.0,0.004149377593360981
2025-09-09,BUILDING,0,0.0,0.0,0.004149377593360981
2025-09-09,CHEMICALS,4,0.5,0.0,0.004149377593360981
2025-09-09,COMMERCIAL SERVICES & SUPPLIES,0,0.0,0.0,0.004149377593360981
2025-09-09,COMMUNICATIONS,1,1.0,0.0,0.004149377593360981
2025-09-09,CONSTRUCTION,0,0.0,0.0,0.004149377593360981
2025-09-09,CONSUMER PRODUCTS,7,0.42857142857142855,0.0,0.004149377593360981
2025-09-09,DISTRIBUTORS,0,0.0,0.0,0.004149377593360981
2025-09-09,DIVERSIFIED CONSUMER SERVICES,2,1.0,0.0,0.004149377593360981
2025-09-09,ELECTRICAL EQUIPMENT,5,0.6,0.2,0.004149377593360981
2025-09-09,ENERGY,13,0.46153846153846156,0.15384615384615385,0.004149377593360981
2025-09-09,FINANCIAL SERVICES,28,0.35714285714285715,0.07142857142857142,0.004149377593360981
2025-09-09,FOOD PRODUCTS,3,1.0,0.0,0.004149377593360981
2025-09-09,HEALTH CARE,17,0.47058823529411764,0.058823529411764705,0.004149377593360981
2025-09-09,"HOTELS, RESTAURANTS & LEISURE",9,0.4444444444444444,0.4444444444444444,0.004149377593360981
2025-09-09,INDUSTRIAL CONGLOMERATES,1,1.0,0.0,0.004149377593360981
2025-09-09,INSURANCE,4,0.75,0.5,0.004149377593360981
2025-09-09,LEISURE PRODUCTS,2,1.0,0.0,0.004149377593360981
2025-09-09,LIFE SCIENCES TOOLS & SERVICES,1,1.0,0.0,0.004149377593360981
2025-09-09,LOGISTICS & TRANSPORTATION,1,1.0,0.0,0.004149377593360981
2025-09-09,MACHINERY,3,1.0,0.0,0.004149377593360981
2025-09-09,MARINE,0,0.0,0.0,0.004149377593360981
2025-09-09,MEDIA,29,0.41379310344827586,0.10344827586206896,0.004149377593360981
2025-09-09,METALS & MINING,7,0.5714285714285714,0.0,0.004149377593360981
2025-09-09,N/A,4,0.5,0.0,0.004149377593360981
2025-09-09,PACKAGING,0,0.0,0.0,0.004149377593360981
2025-09-09,PAPER & FOREST,0,0.0,0.0,0.004149377593360981
2025-09-09,PHARMACEUTICALS,14,0.5714285714285714,0.0,0.004149377593360981
2025-09-09,PROFESSIONAL SERVICES,3,0.3333333333333333,0.0,0.004149377593360981
2025-09-09,REAL ESTATE,8,0.5,0.0,0.004149377593360981
2025-09-09,RETAIL,24,0.5,0.20833333333333334,0.004149377593360981
2025-09-09,ROAD & RAIL,4,0.5,0.25,0.004149377593360981
2025-09-09,SEMICONDUCTORS,23,0.5652173913043478,0.17391304347826086,0.004149377593360981
2025-09-09,TECHNOLOGY,42,0.47619047619047616,0.11904761904761904,0.004149377593360981
2025-09-09,TELECOMMUNICATION,6,0.3333333333333333,0.16666666666666666,0.004149377593360981
2025-09-09,"TEXTILES, APPAREL & LUXURY GOODS",7,0.42857142857142855,0.14285714285714285,0.004149377593360981
2025-09-09,TOBACCO,1,1.0,0.0,0.004149377593360981
2025-09-09,TRADING COMPANIES & DISTRIBUTORS,0,0.0,0.0,0.004149377593360981
2025-09-09,TRANSPORTATION INFRASTRUCTURE,0,0.0,0.0,0.004149377593360981
2025-09-09,UNKNOWN,33,0.3939393939393939,0.09090909090909091,0.004149377593360981
2025-09-09,UTILITIES,3,0.6666666666666666,0.3333333333333333,0.004149377593360981
2025-09-10,AEROSPACE & DEFENSE,5,0.6,0.4,0.004830917874396157
2025-09-10,AIRLINES,2,1.0,0.0,0.004830917874396157
2025-09-10,AUTO COMPONENTS,1,1.0,0.0,0.004830917874396157
2025-09-10,AUTOMOBILES,12,0.5,0.08333333333333333,0.004830917874396157
2025-09-10,BANKING,7,0.42857142857142855,0.0,0.004830917874396157
2025-09-10,BEVERAGES,4,0.5,0.5,0.004830917874396157
2025-09-10,BIOTECHNOLOGY,21,0.7619047619047619,0.047619047619047616,0.004830917874396157
2025-09-10,BUILDING,1,1.0,0.0,0.004830917874396157
2025-09-10,CHEMICALS,4,0.75,0.0,0.004830917874396157
2025-09-10,COMMERCIAL SERVICES & SUPPLIES,0,0.0,0.0,0.004830917874396157
2025-09-10,COMMUNICATIONS,4,0.5,0.0,0.004830917874396157
2025-09-10,CONSTRUCTION,1,1.0,0.0,0.004830917874396157
2025-09-10,CONSUMER PRODUCTS,1,1.0,0.0,0.004830917874396157
2025-09-10,DISTRIBUTORS,0,0.0,0.0,0.004830917874396157
2025-09-10,DIVERSIFIED CONSUMER SERVICES,3,1.0,0.0,0.004830917874396157
2025-09-10,ELECTRICAL EQUIPMENT,8,0.5,0.0,0.004830917874396157
2025-09-10,ENERGY,8,0.5,0.25,0.004830917874396157
2025-09-10,FINANCIAL SERVICES,19,0.5789473684210527,0.10526315789473684,0.004830917874396157
2025-09-10,FOOD PRODUCTS,1,1.0,0.0,0.004830917874396157
2025-09-10,HEALTH CARE,11,0.7272727272727273,0.0,0.004830917874396157
2025-09-10,"HOTELS, RESTAURANTS & LEISURE",5,0.6,0.2,0.004830917874396157
2025-09-10,INDUSTRIAL CONGLOMERATES,0,0.0,0.0,0.004830917874396157
2025-09-10,INSURANCE,2,1.0,0.5,0.004830917874396157
2025-09-10,LEISURE PRODUCTS,0,0.0,0.0,0.004830917874396157
2025-09-10,LIFE SCIENCES TOOLS & SERVICES,2,0.5,0.0,0.004830917874396157
2025-09-10,LOGISTICS & TRANSPORTATION,0,0.0,0.0,0.004830917874396157
2025-09-10,MACHINERY,3,1.0,0.3333333333333333,0.004830917874396157
2025-09-10,MARINE,1,1.0,0.0,0.004830917874396157
2025-09-10,MEDIA,25,0.4,0.08,0.004830917874396157
2025-09-10,METALS & MINING,5,0.4,0.0,0.004830917874396157
2025-09-10,N/A,4,0.75,0.25,0.004830917874396157
2025-09-10,PACKAGING,0,0.0,0.0,0.004830917874396157
2025-09-10,PAPER & FOREST,1,1.0,0.0,0.004830917874396157
2025-09-10,PHARMACEUTICALS,12,0.5833333333333334,0.0,0.004830917874396157
2025-09-10,PROFESSIONAL SERVICES,2,1.0,0.0,0.004830917874396157
2025-09-10,REAL ESTATE,7,0.42857142857142855,0.0,0.004830917874396157
2025-09-10,RETAIL,22,0.3181818181818182,0.13636363636363635,0.004830917874396157
2025-09-10,ROAD & RAIL,4,0.5,0.0,0.004830917874396157
2025-09-10,SEMICONDUCTORS,27,0.5185185185185185,0.14814814814814814,0.004830917874396157
2025-09-10,TECHNOLOGY,42,0.42857142857142855,0.07142857142857142,0.004830917874396157
2025-09-10,TELECOMMUNICATION,1,1.0,0.0,0.004830917874396157
2025-09-10,"TEXTILES, APPAREL & LUXURY GOODS",4,0.5,0.0,0.004830917874396157
2025-09-10,TOBACCO,0,0.0,0.0,0.004830917874396157
2025-09-10,TRADING COMPANIES & DISTRIBUTORS,0,0.0,0.0,0.004830917874396157
2025-09-10,TRANSPORTATION INFRASTRUCTURE,0,0.0,0.0,0.004830917874396157
2025-09-10,UNKNOWN,29,0.3448275862068966,0.0,0.004830917874396157
2025-09-10,UTILITIES,4,1.0,0.0,0.004830917874396157
2025-09-11,AEROSPACE & DEFENSE,4,0.5,0.0,0.004184100418409997
2025-09-11,AIRLINES,1,1.0,0.0,0.004184100418409997
2025-09-11,AUTO COMPONENTS,6,0.5,0.0,0.004184100418409997
2025-09-11,AUTOMOBILES,6,0.3333333333333333,0.0,0.004184100418409997
2025-09-11,BANKING,8,0.5,0.125,0.004184100418409997
2025-09-11,BEVERAGES,1,1.0,0.0,0.004184100418409997
2025-09-11,BIOTECHNOLOGY,21,0.5714285714285714,0.0,0.004184100418409997
2025-09-11,BUILDING,4,0.5,0.0,0.004184100418409997
2025-09-11,CHEMICALS,4,0.75,0.0,0.004184100418409997
2025-09-11,COMMERCIAL SERVICES & SUPPLIES,0,0.0,0.0,0.004184100418409997
2025-09-11,COMMUNICATIONS,2,0.5,0.5,0.004184100418409997
2025-09-11,CONSTRUCTION,0,0.0,0.0,0.004184100418409997
2025-09-11,CONSUMER PRODUCTS,3,0.6666666666666666,0.0,0.004184100418409997
2025-09-11,DISTRIBUTORS,0,0.0,0.0,0.004184100418409997
2025-09-11,DIVERSIFIED CONSUMER SERVICES,1,1.0,0.0,0.004184100418409997
2025-09-11,ELECTRICAL EQUIPMENT,8,0.5,0.125,0.004184100418409997
2025-09-11,ENERGY,7,0.42857142857142855,0.14285714285714285,0.004184100418409997
2025-09-11,FINANCIAL SERVICES,23,0.43478260869565216,0.08695652173913043,0.004184100418409997
2025-09-11,FOOD PRODUCTS,3,0.6666666666666666,0.6666666666666666,0.004184100418409997
2025-09-11,HEALTH CARE,19,0.7368421052631579,0.0,0.004184100418409997
2025-09-11,"HOTELS, RESTAURANTS & LEISURE",10,0.5,0.0,0.004184100418409997
2025-09-11,INDUSTRIAL CONGLOMERATES,0,0.0,0.0,0.004184100418409997
2025-09-11,INSURANCE,5,1.0,0.4,0.004184100418409997
2025-09-11,LEISURE PRODUCTS,0,0.0,0.0,0.004184100418409997
2025-09-11,LIFE SCIENCES TOOLS & SERVICES,3,0.6666666666666666,0.0,0.004184100418409997
2025-09-11,LOGISTICS & TRANSPORTATION,0,0.0,0.0,0.004184100418409997
2025-09-11,MACHINERY,5,0.6,0.0,0.004184100418409997
2025-09-11,MARINE,1,1.0,0.0,0.004184100418409997
2025-09-11,MEDIA,26,0.4230769230769231,0.038461538461538464,0.004184100418409997
2025-09-11,METALS & MINING,6,0.5,0.16666666666666666,0.004184100418409997
2025-09-11,N/A,1,1.0,0.0,0.004184100418409997
2025-09-11,PACKAGING,0,0.0,0.0,0.004184100418409997
2025-09-11,PAPER & FOREST,0,0.0,0.0,0.004184100418409997
2025-09-11,PHARMACEUTICALS,11,0.8181818181818182,0.0,0.004184100418409997
2025-09-11,PROFESSIONAL SERVICES,7,0.8571428571428571,0.0,0.004184100418409997
2025-09-11,REAL ESTATE,8,0.375,0.0,0.004184100418409997
2025-09-11,RETAIL,19,0.6842105263157895,0.0,0.004184100418409997
2025-09-11,ROAD & RAIL,2,0.5,0.0,0.004184100418409997
2025-09-11,SEMICONDUCTORS,26,0.7307692307692307,0.11538461538461539,0.004184100418409997
2025-09-11,TECHNOLOGY,51,0.47058823529411764,0.13725490196078433,0.004184100418409997
2025-09-11,TELECOMMUNICATION,2,0.5,1.0,0.004184100418409997
2025-09-11,"TEXTILES, APPAREL & LUXURY GOODS",6,0.5,0.0,0.004184100418409997
2025-09-11,TOBACCO,1,1.0,0.0,0.004184100418409997
2025-09-11,TRADING COMPANIES & DISTRIBUTORS,1,1.0,0.0,0.004184100418409997
2025-09-11,TRANSPORTATION INFRASTRUCTURE,0,0.0,0.0,0.004184100418409997
2025-09-11,UNKNOWN,27,0.4444444444444444,0.037037037037037035,0.004184100418409997
2025-09-11,UTILITIES,4,0.5,0.0,0.004184100418409997
2025-09-12,AEROSPACE & DEFENSE,5,0.4,0.2,0.022522522522522515
2025-09-12,AIRLINES,1,1.0,0.0,0.022522522522522515
2025-09-12,AUTO COMPONENTS,2,0.5,0.5,0.022522522522522515
2025-09-12,AUTOMOBILES,12,0.5,0.16666666666666666,0.022522522522522515
2025-09-12,BANKING,6,0.3333333333333333,0.0,0.022522522522522515
2025-09-12,BEVERAGES,4,0.5,0.25,0.022522522522522515
2025-09-12,BIOTECHNOLOGY,11,0.5454545454545454,0.0,0.022522522522522515
2025-09-12,BUILDING,0,0.0,0.0,0.022522522522522515
2025-09-12,CHEMICALS,7,0.8571428571428571,0.0,0.022522522522522515
2025-09-12,COMMERCIAL SERVICES & SUPPLIES,3,0.6666666666666666,0.0,0.022522522522522515
2025-09-12,COMMUNICATIONS,4,0.5,0.25,0.022522522522522515
2025-09-12,CONSTRUCTION,1,1.0,0.0,0.022522522522522515
2025-09-12,CONSUMER PRODUCTS,7,0.7142857142857143,0.14285714285714285,0.022522522522522515
2025-09-12,DISTRIBUTORS,1,1.0,0.0,0.022522522522522515
2025-09-12,DIVERSIFIED CONSUMER SERVICES,2,1.0,0.0,0.022522522522522515
2025-09-12,ELECTRICAL EQUIPMENT,6,0.5,0.16666666666666666,0.022522522522522515
2025-09-12,ENERGY,7,0.2857142857142857,0.14285714285714285,0.022522522522522515
2025-09-12,FINANCIAL SERVICES,25,0.44,0.04,0.022522522522522515
2025-09-12,FOOD PRODUCTS,4,0.75,0.0,0.022522522522522515
2025-09-12,HEALTH CARE,13,0.7692307692307693,0.0,0.022522522522522515
2025-09-12,"HOTELS, RESTAURANTS & LEISURE",7,0.5714285714285714,0.14285714285714285,0.022522522522522515
2025-09-12,INDUSTRIAL CONGLOMERATES,3,0.6666666666666666,0.3333333333333333,0.022522522522522515
2025-09-12,INSURANCE,3,0.6666666666666666,0.3333333333333333,0.022522522522522515
2025-09-12,LEISURE PRODUCTS,0,0.0,0.0,0.022522522522522515
2025-09-12,LIFE SCIENCES TOOLS & SERVICES,3,1.0,0.0,0.022522522522522515
2025-09-12,LOGISTICS & TRANSPORTATION,1,1.0,0.0,0.022522522522522515
2025-09-12,MACHINERY,4,0.75,0.25,0.022522522522522515
2025-09-12,MARINE,0,0.0,0.0,0.022522522522522515
2025-09-12,MEDIA,31,0.4838709677419355,0.06451612903225806,0.022522522522522515
2025-09-12,METALS & MINING,4,0.75,0.75,0.022522522522522515
2025-09-12,N/A,6,0.8333333333333334,0.0,0.022522522522522515
2025-09-12,PACKAGING,3,1.0,0.0,0.022522522522522515
2025-09-12,PAPER & FOREST,0,0.0,0.0,0.022522522522522515
2025-09-12,PHARMACEUTICALS,12,0.75,0.0,0.022522522522522515
2025-09-12,PROFESSIONAL SERVICES,2,1.0,0.0,0.022522522522522515
2025-09-12,REAL ESTATE,7,0.5714285714285714,0.2857142857142857,0.022522522522522515
2025-09-12,RETAIL,16,0.5625,0.125,0.022522522522522515
2025-09-12,ROAD & RAIL,3,0.6666666666666666,0.0,0.022522522522522515
2025-09-12,SEMICONDUCTORS,27,0.5555555555555556,0.14814814814814814,0.022522522522522515
2025-09-12,TECHNOLOGY,54,0.5370370370370371,0.14814814814814814,0.022522522522522515
2025-09-12,TELECOMMUNICATION,2,0.5,0.0,0.022522522522522515
2025-09-12,"TEXTILES, APPAREL & LUXURY GOODS",3,1.0,0.0,0.022522522522522515
2025-09-12,TOBACCO,0,0.0,0.0,0.022522522522522515
2025-09-12,TRADING COMPANIES & DISTRIBUTORS,1,1.0,0.0,0.022522522522522515
2025-09-12,TRANSPORTATION INFRASTRUCTURE,0,0.0,0.0,0.022522522522522515
2025-09-12,UNKNOWN,20,0.5,0.1,0.022522522522522515
2025-09-12,UTILITIES,1,1.0,0.0,0.022522522522522515
2025-09-15,AEROSPACE & DEFENSE,8,0.625,0.0,0.004950495049504955
2025-09-15,AIRLINES,2,0.5,0.0,0.004950495049504955
2025-09-15,AUTO COMPONENTS,1,1.0,0.0,0.004950495049504955
2025-09-15,AUTOMOBILES,13,0.46153846153846156,0.07692307692307693,0.004950495049504955
2025-09-15,BANKING,8,0.375,0.0,0.004950495049504955
2025-09-15,BEVERAGES,3,0.6666666666666666,0.0,0.004950495049504955
2025-09-15,BIOTECHNOLOGY,23,0.5652173913043478,0.043478260869565216,0.004950495049504955
2025-09-15,BUILDING,1,1.0,0.0,0.004950495049504955
2025-09-15,CHEMICALS,7,0.7142857142857143,0.0,0.004950495049504955
2025-09-15,COMMERCIAL SERVICES & SUPPLIES,1,1.0,0.0,0.004950495049504955
2025-09-15,COMMUNICATIONS,0,0.0,0.0,0.004950495049504955
2025-09-15,CONSTRUCTION,2,0.5,0.0,0.004950495049504955
2025-09-15,CONSUMER PRODUCTS,3,0.6666666666666666,0.3333333333333333,0.004950495049504955
2025-09-15,DISTRIBUTORS,1,1.0,0.0,0.004950495049504955
2025-09-15,DIVERSIFIED CONSUMER SERVICES,2,1.0,0.0,0.004950495049504955
2025-09-15,ELECTRICAL EQUIPMENT,1,1.0,0.0,0.004950495049504955
2025-09-15,ENERGY,8,0.5,0.25,0.004950495049504955
2025-09-15,FINANCIAL SERVICES,12,0.3333333333333333,0.08333333333333333,0.004950495049504955
2025-09-15,FOOD PRODUCTS,1,1.0,0.0,0.004950495049504955
2025-09-15,HEALTH CARE,20,0.7,0.15,0.004950495049504955
2025-09-15,"HOTELS, RESTAURANTS & LEISURE",10,0.5,0.0,0.004950495049504955
2025-09-15,INDUSTRIAL CONGLOMERATES,1,1.0,0.0,0.004950495049504955
2025-09-15,INSURANCE,3,0.6666666666666666,0.3333333333333333,0.004950495049504955
2025-09-15,LEISURE PRODUCTS,0,0.0,0.0,0.004950495049504955
2025-09-15,LIFE SCIENCES TOOLS & SERVICES,1,1.0,0.0,0.004950495049504955
2025-09-15,LOGISTICS & TRANSPORTATION,0,0.0,0.0,0.004950495049504955
2025-09-15,MACHINERY,1,1.0,1.0,0.004950495049504955
2025-09-15,MARINE,1,1.0,0.0,0.004950495049504955
2025-09-15,MEDIA,17,0.4117647058823529,0.058823529411764705,0.004950495049504955
2025-09-15,METALS & MINING,4,0.75,0.0,0.004950495049504955
2025-09-15,N/A,5,0.6,0.2,0.004950495049504955
2025-09-15,PACKAGING,1,1.0,0.0,0.004950495049504955
2025-09-15,PAPER & FOREST,0,0.0,0.0,0.004950495049504955
2025-09-15,PHARMACEUTICALS,18,0.6111111111111112,0.0,0.004950495049504955
2025-09-15,PROFESSIONAL SERVICES,2,0.5,0.0,0.004950495049504955
2025-09-15,REAL ESTATE,15,0.6,0.0,0.004950495049504955
2025-09-15,RETAIL,11,0.6363636363636364,0.09090909090909091,0.004950495049504955
2025-09-15,ROAD & RAIL,3,0.6666666666666666,0.0,0.004950495049504955
2025-09-15,SEMICONDUCTORS,15,0.4,0.0,0.004950495049504955
2025-09-15,TECHNOLOGY,23,0.391304347826087,0.0,0.004950495049504955
2025-09-15,TELECOMMUNICATION,3,0.6666666666666666,0.0,0.004950495049504955
2025-09-15,"TEXTILES, APPAREL & LUXURY GOODS",5,0.6,0.0,0.004950495049504955
2025-09-15,TOBACCO,1,1.0,1.0,0.004950495049504955
2025-09-15,TRADING COMPANIES & DISTRIBUTORS,1,1.0,0.0,0.004950495049504955
2025-09-15,TRANSPORTATION INFRASTRUCTURE,0,0.0,0.0,0.004950495049504955
2025-09-15,UNKNOWN,20,0.4,0.05,0.004950495049504955
2025-09-15,UTILITIES,1,1.0,0.0,0.004950495049504955
2025-09-16,AEROSPACE & DEFENSE,7,0.8571428571428571,0.0,0.004065040650406471
2025-09-16,AIRLINES,2,0.5,0.0,0.004065040650406471
2025-09-16,AUTO COMPONENTS,1,1.0,0.0,0.004065040650406471
2025-09-16,AUTOMOBILES,18,0.3333333333333333,0.2222222222222222,0.004065040650406471
2025-09-16,BANKING,16,0.5,0.1875,0.004065040650406471
2025-09-16,BEVERAGES,4,0.5,0.0,0.004065040650406471
2025-09-16,BIOTECHNOLOGY,15,0.5333333333333333,0.06666666666666667,0.004065040650406471
2025-09-16,BUILDING,2,0.5,0.0,0.004065040650406471
2025-09-16,CHEMICALS,5,1.0,0.2,0.004065040650406471
2025-09-16,COMMERCIAL SERVICES & SUPPLIES,1,1.0,0.0,0.004065040650406471
2025-09-16,COMMUNICATIONS,3,0.6666666666666666,0.3333333333333333,0.004065040650406471
2025-09-16,CONSTRUCTION,1,1.0,0.0,0.004065040650406471
2025-09-16,CONSUMER PRODUCTS,5,0.8,0.2,0.004065040650406471
2025-09-16,DISTRIBUTORS,0,0.0,0.0,0.004065040650406471
2025-09-16,DIVERSIFIED CONSUMER SERVICES,1,1.0,0.0,0.004065040650406471
2025-09-16,ELECTRICAL EQUIPMENT,7,0.5714285714285714,0.2857142857142857,0.004065040650406471
2025-09-16,ENERGY,14,0.42857142857142855,0.0,0.004065040650406471
2025-09-16,FINANCIAL SERVICES,19,0.5789473684210527,0.3157894736842105,0.004065040650406471
2025-09-16,FOOD PRODUCTS,1,1.0,1.0,0.004065040650406471
2025-09-16,HEALTH CARE,10,0.6,0.0,0.004065040650406471
2025-09-16,"HOTELS, RESTAURANTS & LEISURE",7,0.42857142857142855,0.2857142857142857,0.004065040650406471
2025-09-16,INDUSTRIAL CONGLOMERATES,1,1.0,0.0,0.004065040650406471
2025-09-16,INSURANCE,4,0.75,0.5,0.004065040650406471
2025-09-16,LEISURE PRODUCTS,1,1.0,1.0,0.004065040650406471
2025-09-16,LIFE SCIENCES TOOLS & SERVICES,1,1.0,0.0,0.004065040650406471
2025-09-16,LOGISTICS & TRANSPORTATION,1,1.0,0.0,0.004065040650406471
2025-09-16,MACHINERY,4,0.75,0.0,0.004065040650406471
2025-09-16,MARINE,1,1.0,0.0,0.004065040650406471
2025-09-16,MEDIA,24,0.375,0.16666666666666666,0.004065040650406471
2025-09-16,METALS & MINING,3,0.3333333333333333,0.0,0.004065040650406471
2025-09-16,N/A,8,0.375,0.0,0.004065040650406471
2025-09-16,PACKAGING,0,0.0,0.0,0.004065040650406471
2025-09-16,PAPER & FOREST,0,0.0,0.0,0.004065040650406471
2025-09-16,PHARMACEUTICALS,21,0.42857142857142855,0.09523809523809523,0.004065040650406471
2025-09-16,PROFESSIONAL SERVICES,3,0.6666666666666666,0.0,0.004065040650406471
2025-09-16,REAL ESTATE,9,0.4444444444444444,0.0,0.004065040650406471
2025-09-16,RETAIL,22,0.4090909090909091,0.13636363636363635,0.004065040650406471
2025-09-16,ROAD & RAIL,2,1.0,0.0,0.004065040650406471
2025-09-16,SEMICONDUCTORS,24,0.5416666666666666,0.25,0.004065040650406471
2025-09-16,TECHNOLOGY,60,0.4166666666666667,0.13333333333333333,0.004065040650406471
2025-09-16,TELECOMMUNICATION,3,0.3333333333333333,0.0,0.004065040650406471
2025-09-16,"TEXTILES, APPAREL & LUXURY GOODS",3,1.0,0.0,0.004065040650406471
2025-09-16,TOBACCO,1,1.0,0.0,0.004065040650406471
2025-09-16,TRADING COMPANIES & DISTRIBUTORS,3,0.6666666666666666,0.0,0.004065040650406471
2025-09-16,TRANSPORTATION INFRASTRUCTURE,0,0.0,0.0,0.004065040650406471
2025-09-16,UNKNOWN,29,0.41379310344827586,0.06896551724137931,0.004065040650406471
2025-09-16,UTILITIES,3,0.6666666666666666,0.6666666666666666,0.004065040650406471
2025-09-17,AEROSPACE & DEFENSE,6,0.8333333333333334,0.0,0.037815126050420145
2025-09-17,AIRLINES,1,1.0,0.0,0.037815126050420145
2025-09-17,AUTO COMPONENTS,4,0.75,0.5,0.037815126050420145
2025-09-17,AUTOMOBILES,18,0.2777777777777778,0.1111111111111111,0.037815126050420145
2025-09-17,BANKING,10,0.6,0.0,0.037815126050420145
2025-09-17,BEVERAGES,2,1.0,0.0,0.037815126050420145
2025-09-17,BIOTECHNOLOGY,20,0.75,0.0,0.037815126050420145
2025-09-17,BUILDING,0,0.0,0.0,0.037815126050420145
2025-09-17,CHEMICALS,1,1.0,0.0,0.037815126050420145
2025-09-17,COMMERCIAL SERVICES & SUPPLIES,1,1.0,0.0,0.037815126050420145
2025-09-17,COMMUNICATIONS,5,0.8,0.0,0.037815126050420145
2025-09-17,CONSTRUCTION,2,1.0,0.0,0.037815126050420145
2025-09-17,CONSUMER PRODUCTS,2,0.5,0.0,0.037815126050420145
2025-09-17,DISTRIBUTORS,0,0.0,0.0,0.037815126050420145
2025-09-17,DIVERSIFIED CONSUMER SERVICES,4,0.5,0.0,0.037815126050420145
2025-09-17,ELECTRICAL EQUIPMENT,7,0.5714285714285714,0.0,0.037815126050420145
2025-09-17,ENERGY,7,0.5714285714285714,0.14285714285714285,0.037815126050420145
2025-09-17,FINANCIAL SERVICES,17,0.47058823529411764,0.23529411764705882,0.037815126050420145
2025-09-17,FOOD PRODUCTS,4,0.75,0.0,0.037815126050420145
2025-09-17,HEALTH CARE,14,0.7857142857142857,0.0,0.037815126050420145
2025-09-17,"HOTELS, RESTAURANTS & LEISURE",4,0.75,0.0,0.037815126050420145
2025-09-17,INDUSTRIAL CONGLOMERATES,1,1.0,0.0,0.037815126050420145
2025-09-17,INSURANCE,4,1.0,0.5,0.037815126050420145
2025-09-17,LEISURE PRODUCTS,0,0.0,0.0,0.037815126050420145
2025-09-17,LIFE SCIENCES TOOLS & SERVICES,2,1.0,0.0,0.037815126050420145
2025-09-17,LOGISTICS & TRANSPORTATION,0,0.0,0.0,0.037815126050420145
2025-09-17,MACHINERY,4,1.0,0.25,0.037815126050420145
2025-09-17,MARINE,1,1.0,0.0,0.037815126050420145
2025-09-17,MEDIA,26,0.4230769230769231,0.038461538461538464,0.037815126050420145
2025-09-17,METALS & MINING,5,0.8,0.0,0.037815126050420145
2025-09-17,N/A,3,0.6666666666666666,0.0,0.037815126050420145
2025-09-17,PACKAGING,0,0.0,0.0,0.037815126050420145
2025-09-17,PAPER & FOREST,0,0.0,0.0,0.037815126050420145
2025-09-17,PHARMACEUTICALS,10,0.6,0.0,0.037815126050420145
2025-09-17,PROFESSIONAL SERVICES,4,0.5,0.0,0.037815126050420145
2025-09-17,REAL ESTATE,6,0.5,0.0,0.037815126050420145
2025-09-17,RETAIL,25,0.28,0.08,0.037815126050420145
2025-09-17,ROAD & RAIL,5,0.6,0.2,0.037815126050420145
2025-09-17,SEMICONDUCTORS,46,0.391304347826087,0.13043478260869565,0.037815126050420145
2025-09-17,TECHNOLOGY,50,0.32,0.02,0.037815126050420145
2025-09-17,TELECOMMUNICATION,1,1.0,0.0,0.037815126050420145
2025-09-17,"TEXTILES, APPAREL & LUXURY GOODS",5,0.6,0.0,0.037815126050420145
2025-09-17,TOBACCO,0,0.0,0.0,0.037815126050420145
2025-09-17,TRADING COMPANIES & DISTRIBUTORS,1,1.0,0.0,0.037815126050420145
2025-09-17,TRANSPORTATION INFRASTRUCTURE,0,0.0,0.0,0.037815126050420145
2025-09-17,UNKNOWN,30,0.4,0.06666666666666667,0.037815126050420145
2025-09-17,UTILITIES,3,0.6666666666666666,0.0,0.037815126050420145
2025-09-18,AEROSPACE & DEFENSE,2,0.5,0.5,0.030864197530864224
2025-09-18,AIRLINES,0,0.0,0.0,0.030864197530864224
2025-09-18,AUTO COMPONENTS,1,1.0,0.0,0.030864197530864224
2025-09-18,AUTOMOBILES,3,0.6666666666666666,0.0,0.030864197530864224
2025-09-18,BANKING,4,1.0,0.0,0.030864197530864224
2025-09-18,BEVERAGES,0,0.0,0.0,0.030864197530864224
2025-09-18,BIOTECHNOLOGY,22,0.5454545454545454,0.045454545454545456,0.030864197530864224
2025-09-18,BUILDING,1,1.0,0.0,0.030864197530864224
2025-09-18,CHEMICALS,5,0.6,0.0,0.030864197530864224
2025-09-18,COMMERCIAL SERVICES & SUPPLIES,1,1.0,0.0,0.030864197530864224
2025-09-18,COMMUNICATIONS,1,1.0,1.0,0.030864197530864224
2025-09-18,CONSTRUCTION,1,1.0,0.0,0.030864197530864224
2025-09-18,CONSUMER PRODUCTS,3,1.0,0.3333333333333333,0.030864197530864224
2025-09-18,DISTRIBUTORS,0,0.0,0.0,0.030864197530864224
2025-09-18,DIVERSIFIED CONSUMER SERVICES,3,0.3333333333333333,0.0,0.030864197530864224
2025-09-18,ELECTRICAL EQUIPMENT,4,0.5,0.0,0.030864197530864224
2025-09-18,ENERGY,5,0.6,0.0,0.030864197530864224
2025-09-18,FINANCIAL SERVICES,8,0.75,0.0,0.030864197530864224
2025-09-18,FOOD PRODUCTS,4,0.5,0.0,0.030864197530864224
2025-09-18,HEALTH CARE,10,0.5,0.0,0.030864197530864224
2025-09-18,"HOTELS, RESTAURANTS & LEISURE",7,0.5714285714285714,0.0,0.030864197530864224
2025-09-18,INDUSTRIAL CONGLOMERATES,1,1.0,0.0,0.030864197530864224
2025-09-18,INSURANCE,4,1.0,0.0,0.030864197530864224
2025-09-18,LEISURE PRODUCTS,0,0.0,0.0,0.030864197530864224
2025-09-18,LIFE SCIENCES TOOLS & SERVICES,3,0.6666666666666666,0.0,0.030864197530864224
2025-09-18,LOGISTICS & TRANSPORTATION,1,1.0,0.0,0.030864197530864224
2025-09-18,MACHINERY,2,1.0,0.0,0.030864197530864224
2025-09-18,MARINE,0,0.0,0.0,0.030864197530864224
2025-09-18,MEDIA,15,0.7333333333333333,0.0,0.030864197530864224
2025-09-18,METALS & MINING,4,0.75,0.0,0.030864197530864224
2025-09-18,N/A,1,1.0,0.0,0.030864197530864224
2025-09-18,PACKAGING,0,0.0,0.0,0.030864197530864224
2025-09-18,PAPER & FOREST,0,0.0,0.0,0.030864197530864224
2025-09-18,PHARMACEUTICALS,13,0.6153846153846154,0.0,0.030864197530864224
2025-09-18,PROFESSIONAL SERVICES,1,1.0,0.0,0.030864197530864224
2025-09-18,REAL ESTATE,5,0.6,0.0,0.030864197530864224
2025-09-18,RETAIL,11,0.45454545454545453,0.0,0.030864197530864224
2025-09-18,ROAD & RAIL,2,0.5,0.0,0.030864197530864224
2025-09-18,SEMICONDUCTORS,24,0.4583333333333333,0.375,0.030864197530864224
2025-09-18,TECHNOLOGY,33,0.6666666666666666,0.30303030303030304,0.030864197530864224
2025-09-18,TELECOMMUNICATION,3,0.6666666666666666,0.0,0.030864197530864224
2025-09-18,"TEXTILES, APPAREL & LUXURY GOODS",1,1.0,0.0,0.030864197530864224
2025-09-18,TOBACCO,0,0.0,0.0,0.030864197530864224
2025-09-18,TRADING COMPANIES & DISTRIBUTORS,0,0.0,0.0,0.030864197530864224
2025-09-18,TRANSPORTATION INFRASTRUCTURE,1,1.0,0.0,0.030864197530864224
2025-09-18,UNKNOWN,23,0.4782608695652174,0.2608695652173913,0.030864197530864224
2025-09-18,UTILITIES,3,0.6666666666666666,0.0,0.030864197530864224
2025-09-19,AEROSPACE & DEFENSE,3,1.0,0.0,0.017391304347826098
2025-09-19,AIRLINES,1,1.0,0.0,0.017391304347826098
2025-09-19,AUTO COMPONENTS,3,0.3333333333333333,0.0,0.017391304347826098
2025-09-19,AUTOMOBILES,11,0.45454545454545453,0.09090909090909091,0.017391304347826098
2025-09-19,BANKING,6,0.5,0.16666666666666666,0.017391304347826098
2025-09-19,BEVERAGES,1,1.0,1.0,0.017391304347826098
2025-09-19,BIOTECHNOLOGY,5,1.0,0.0,0.017391304347826098
2025-09-19,BUILDING,7,0.5714285714285714,0.0,0.017391304347826098
2025-09-19,CHEMICALS,1,1.0,0.0,0.017391304347826098
2025-09-19,COMMERCIAL SERVICES & SUPPLIES,1,1.0,0.0,0.017391304347826098
2025-09-19,COMMUNICATIONS,3,0.6666666666666666,0.0,0.017391304347826098
2025-09-19,CONSTRUCTION,3,1.0,0.0,0.017391304347826098
2025-09-19,CONSUMER PRODUCTS,2,0.5,0.0,0.017391304347826098
2025-09-19,DISTRIBUTORS,1,1.0,0.0,0.017391304347826098
2025-09-19,DIVERSIFIED CONSUMER SERVICES,1,1.0,0.0,0.017391304347826098
2025-09-19,ELECTRICAL EQUIPMENT,8,0.75,0.0,0.017391304347826098
2025-09-19,ENERGY,6,0.5,0.16666666666666666,0.017391304347826098
2025-09-19,FINANCIAL SERVICES,5,1.0,0.4,0.017391304347826098
2025-09-19,FOOD PRODUCTS,0,0.0,0.0,0.017391304347826098
2025-09-19,HEALTH CARE,7,1.0,0.14285714285714285,0.017391304347826098
2025-09-19,"HOTELS, RESTAURANTS & LEISURE",2,0.5,0.0,0.017391304347826098
2025-09-19,INDUSTRIAL CONGLOMERATES,2,1.0,0.0,0.017391304347826098
2025-09-19,INSURANCE,1,1.0,0.0,0.017391304347826098
2025-09-19,LEISURE PRODUCTS,0,0.0,0.0,0.017391304347826098
2025-09-19,LIFE SCIENCES TOOLS & SERVICES,1,1.0,0.0,0.017391304347826098
2025-09-19,LOGISTICS & TRANSPORTATION,4,0.5,0.25,0.017391304347826098
2025-09-19,MACHINERY,6,0.6666666666666666,0.0,0.017391304347826098
2025-09-19,MARINE,0,0.0,0.0,0.017391304347826098
2025-09-19,MEDIA,5,0.8,0.0,0.017391304347826098
2025-09-19,METALS & MINING,3,0.6666666666666666,0.0,0.017391304347826098
2025-09-19,N/A,0,0.0,0.0,0.017391304347826098
2025-09-19,PACKAGING,2,1.0,0.0,0.017391304347826098
2025-09-19,PAPER & FOREST,0,0.0,0.0,0.017391304347826098
2025-09-19,PHARMACEUTICALS,9,0.7777777777777778,0.0,0.017391304347826098
2025-09-19,PROFESSIONAL SERVICES,0,0.0,0.0,0.017391304347826098
2025-09-19,REAL ESTATE,4,0.5,0.0,0.017391304347826098
2025-09-19,RETAIL,7,0.42857142857142855,0.14285714285714285,0.017391304347826098
2025-09-19,ROAD & RAIL,1,1.0,0.0,0.017391304347826098
2025-09-19,SEMICONDUCTORS,13,0.46153846153846156,0.07692307692307693,0.017391304347826098
2025-09-19,TECHNOLOGY,14,0.5,0.14285714285714285,0.017391304347826098
2025-09-19,TELECOMMUNICATION,2,0.5,0.0,0.017391304347826098
2025-09-19,"TEXTILES, APPAREL & LUXURY GOODS",1,1.0,0.0,0.017391304347826098
2025-09-19,TOBACCO,0,0.0,0.0,0.017391304347826098
2025-09-19,TRADING COMPANIES & DISTRIBUTORS,0,0.0,0.0,0.017391304347826098
2025-09-19,TRANSPORTATION INFRASTRUCTURE,0,0.0,0.0,0.017391304347826098
2025-09-19,UNKNOWN,17,0.47058823529411764,0.058823529411764705,0.017391304347826098
2025-09-19,UTILITIES,0,0.0,0.0,0.017391304347826098
2025-09-22,AEROSPACE & DEFENSE,3,0.6666666666666666,0.0,0.006249999999999978
2025-09-22,AIRLINES,0,0.0,0.0,0.006249999999999978
2025-09-22,AUTO COMPONENTS,1,1.0,0.0,0.006249999999999978
2025-09-22,AUTOMOBILES,11,0.5454545454545454,0.09090909090909091,0.006249999999999978
2025-09-22,BANKING,9,0.5555555555555556,0.0,0.006249999999999978
2025-09-22,BEVERAGES,2,0.5,0.0,0.006249999999999978
2025-09-22,BIOTECHNOLOGY,16,0.5,0.1875,0.006249999999999978
2025-09-22,BUILDING,2,0.5,0.0,0.006249999999999978
2025-09-22,CHEMICALS,2,0.5,0.0,0.006249999999999978
2025-09-22,COMMERCIAL SERVICES & SUPPLIES,2,0.5,0.0,0.006249999999999978
2025-09-22,COMMUNICATIONS,2,0.5,0.0,0.006249999999999978
2025-09-22,CONSTRUCTION,0,0.0,0.0,0.006249999999999978
2025-09-22,CONSUMER PRODUCTS,4,0.75,0.0,0.006249999999999978
2025-09-22,DISTRIBUTORS,0,0.0,0.0,0.006249999999999978
2025-09-22,DIVERSIFIED CONSUMER SERVICES,5,0.6,0.0,0.006249999999999978
2025-09-22,ELECTRICAL EQUIPMENT,5,0.6,0.4,0.006249999999999978
2025-09-22,ENERGY,8,0.875,0.125,0.006249999999999978
2025-09-22,FINANCIAL SERVICES,13,0.46153846153846156,0.15384615384615385,0.006249999999999978
2025-09-22,FOOD PRODUCTS,3,0.6666666666666666,0.0,0.006249999999999978
2025-09-22,HEALTH CARE,17,0.6470588235294118,0.0,0.006249999999999978
2025-09-22,"HOTELS, RESTAURANTS & LEISURE",5,0.6,0.0,0.006249999999999978
2025-09-22,INDUSTRIAL CONGLOMERATES,1,1.0,0.0,0.006249999999999978
2025-09-22,INSURANCE,2,1.0,0.5,0.006249999999999978
2025-09-22,LEISURE PRODUCTS,0,0.0,0.0,0.006249999999999978
2025-09-22,LIFE SCIENCES TOOLS & SERVICES,1,1.0,0.0,0.006249999999999978
2025-09-22,LOGISTICS & TRANSPORTATION,0,0.0,0.0,0.006249999999999978
2025-09-22,MACHINERY,0,0.0,0.0,0.006249999999999978
2025-09-22,MARINE,0,0.0,0.0,0.006249999999999978
2025-09-22,MEDIA,16,0.625,0.0,0.006249999999999978
2025-09-22,METALS & MINING,5,0.6,0.0,0.006249999999999978
2025-09-22,N/A,3,0.6666666666666666,0.0,0.006249999999999978
2025-09-22,PACKAGING,0,0.0,0.0,0.006249999999999978
2025-09-22,PAPER & FOREST,0,0.0,0.0,0.006249999999999978
2025-09-22,PHARMACEUTICALS,22,0.5909090909090909,0.13636363636363635,0.006249999999999978
2025-09-22,PROFESSIONAL SERVICES,2,1.0,0.0,0.006249999999999978
2025-09-22,REAL ESTATE,10,0.5,0.0,0.006249999999999978
2025-09-22,RETAIL,9,0.4444444444444444,0.1111111111111111,0.006249999999999978
2025-09-22,ROAD & RAIL,1,1.0,0.0,0.006249999999999978
2025-09-22,SEMICONDUCTORS,14,0.5,0.14285714285714285,0.006249999999999978
2025-09-22,TECHNOLOGY,24,0.4583333333333333,0.041666666666666664,0.006249999999999978
2025-09-22,TELECOMMUNICATION,2,1.0,0.0,0.006249999999999978
2025-09-22,"TEXTILES, APPAREL & LUXURY GOODS",3,0.6666666666666666,0.0,0.006249999999999978
2025-09-22,TOBACCO,0,0.0,0.0,0.006249999999999978
2025-09-22,TRADING COMPANIES & DISTRIBUTORS,1,1.0,0.0,0.006249999999999978
2025-09-22,TRANSPORTATION INFRASTRUCTURE,0,0.0,0.0,0.006249999999999978
2025-09-22,UNKNOWN,17,0.35294117647058826,0.0,0.006249999999999978
2025-09-22,UTILITIES,4,0.75,0.0,0.006249999999999978
2025-09-23,AEROSPACE & DEFENSE,4,0.5,0.0,0.0
2025-09-23,AIRLINES,7,0.8571428571428571,0.0,0.0
2025-09-23,AUTO COMPONENTS,1,1.0,0.0,0.0
2025-09-23,AUTOMOBILES,4,0.5,0.0,0.0
2025-09-23,BANKING,6,0.8333333333333334,0.0,0.0
2025-09-23,BEVERAGES,2,0.5,0.0,0.0
2025-09-23,BIOTECHNOLOGY,16,0.8125,0.0,0.0
2025-09-23,BUILDING,2,0.5,0.0,0.0
2025-09-23,CHEMICALS,2,0.5,0.0,0.0
2025-09-23,COMMERCIAL SERVICES & SUPPLIES,0,0.0,0.0,0.0
2025-09-23,COMMUNICATIONS,1,1.0,0.0,0.0
2025-09-23,CONSTRUCTION,3,0.6666666666666666,0.0,0.0
2025-09-23,CONSUMER PRODUCTS,3,0.6666666666666666,0.0,0.0
2025-09-23,DISTRIBUTORS,0,0.0,0.0,0.0
2025-09-23,DIVERSIFIED CONSUMER SERVICES,0,0.0,0.0,0.0
2025-09-23,ELECTRICAL EQUIPMENT,7,0.5714285714285714,0.0,0.0
2025-09-23,ENERGY,9,0.4444444444444444,0.0,0.0
2025-09-23,FINANCIAL SERVICES,8,0.5,0.0,0.0
2025-09-23,FOOD PRODUCTS,1,1.0,0.0,0.0
2025-09-23,HEALTH CARE,8,0.75,0.0,0.0
2025-09-23,"HOTELS, RESTAURANTS & LEISURE",2,1.0,0.0,0.0
2025-09-23,INDUSTRIAL CONGLOMERATES,0,0.0,0.0,0.0
2025-09-23,INSURANCE,0,0.0,0.0,0.0
2025-09-23,LEISURE PRODUCTS,0,0.0,0.0,0.0
2025-09-23,LIFE SCIENCES TOOLS & SERVICES,3,1.0,0.0,0.0
2025-09-23,LOGISTICS & TRANSPORTATION,0,0.0,0.0,0.0
2025-09-23,MACHINERY,4,0.5,0.0,0.0
2025-09-23,MARINE,0,0.0,0.0,0.0
2025-09-23,MEDIA,7,0.5714285714285714,0.0,0.0
2025-09-23,METALS & MINING,4,0.5,0.0,0.0
2025-09-23,N/A,1,1.0,0.0,0.0
2025-09-23,PACKAGING,0,0.0,0.0,0.0
2025-09-23,PAPER & FOREST,0,0.0,0.0,0.0
2025-09-23,PHARMACEUTICALS,4,0.75,0.0,0.0
2025-09-23,PROFESSIONAL SERVICES,0,0.0,0.0,0.0
2025-09-23,REAL ESTATE,6,0.6666666666666666,0.0,0.0
2025-09-23,RETAIL,8,0.5,0.0,0.0
2025-09-23,ROAD & RAIL,1,1.0,0.0,0.0
2025-09-23,SEMICONDUCTORS,13,0.38461538461538464,0.0,0.0
2025-09-23,TECHNOLOGY,19,0.47368421052631576,0.0,0.0
2025-09-23,TELECOMMUNICATION,0,0.0,0.0,0.0
2025-09-23,"TEXTILES, APPAREL & LUXURY GOODS",5,1.0,0.0,0.0
2025-09-23,TOBACCO,0,0.0,0.0,0.0
2025-09-23,TRADING COMPANIES & DISTRIBUTORS,0,0.0,0.0,0.0
2025-09-23,TRANSPORTATION INFRASTRUCTURE,0,0.0,0.0,0.0
2025-09-23,UNKNOWN,11,0.45454545454545453,0.0,0.0
2025-09-23,UTILITIES,4,0.75,0.0,0.0
2025-09-24,AEROSPACE & DEFENSE,5,1.0,0.0,0.025974025974025983
2025-09-24,AIRLINES,0,0.0,0.0,0.025974025974025983
2025-09-24,AUTO COMPONENTS,2,1.0,0.0,0.025974025974025983
2025-09-24,AUTOMOBILES,6,0.5,0.0,0.025974025974025983
2025-09-24,BANKING,8,0.625,0.125,0.025974025974025983
2025-09-24,BEVERAGES,2,0.5,0.5,0.025974025974025983
2025-09-24,BIOTECHNOLOGY,10,1.0,0.3,0.025974025974025983
2025-09-24,BUILDING,2,1.0,0.0,0.025974025974025983
2025-09-24,CHEMICALS,3,0.6666666666666666,0.0,0.025974025974025983
2025-09-24,COMMERCIAL SERVICES & SUPPLIES,1,1.0,0.0,0.025974025974025983
2025-09-24,COMMUNICATIONS,2,1.0,0.5,0.025974025974025983
2025-09-24,CONSTRUCTION,1,1.0,0.0,0.025974025974025983
2025-09-24,CONSUMER PRODUCTS,4,0.5,0.0,0.025974025974025983
2025-09-24,DISTRIBUTORS,0,0.0,0.0,0.025974025974025983
2025-09-24,DIVERSIFIED CONSUMER SERVICES,3,1.0,0.0,0.025974025974025983
2025-09-24,ELECTRICAL EQUIPMENT,2,1.0,0.0,0.025974025974025983
2025-09-24,ENERGY,9,0.7777777777777778,0.0,0.025974025974025983
2025-09-24,FINANCIAL SERVICES,12,0.8333333333333334,0.08333333333333333,0.025974025974025983
2025-09-24,FOOD PRODUCTS,4,0.75,0.0,0.025974025974025983
2025-09-24,HEALTH CARE,11,0.9090909090909091,0.09090909090909091,0.025974025974025983
2025-09-24,"HOTELS, RESTAURANTS & LEISURE",2,0.5,0.0,0.025974025974025983
2025-09-24,INDUSTRIAL CONGLOMERATES,1,1.0,0.0,0.025974025974025983
2025-09-24,INSURANCE,2,1.0,1.0,0.025974025974025983
2025-09-24,LEISURE PRODUCTS,1,1.0,0.0,0.025974025974025983
2025-09-24,LIFE SCIENCES TOOLS & SERVICES,1,1.0,0.0,0.025974025974025983
2025-09-24,LOGISTICS & TRANSPORTATION,0,0.0,0.0,0.025974025974025983
2025-09-24,MACHINERY,4,0.5,0.25,0.025974025974025983
2025-09-24,MARINE,0,0.0,0.0,0.025974025974025983
2025-09-24,MEDIA,13,0.5384615384615384,0.07692307692307693,0.025974025974025983
2025-09-24,METALS & MINING,4,0.75,0.0,0.025974025974025983
2025-09-24,N/A,3,1.0,0.0,0.025974025974025983
2025-09-24,PACKAGING,0,0.0,0.0,0.025974025974025983
2025-09-24,PAPER & FOREST,1,1.0,0.0,0.025974025974025983
2025-09-24,PHARMACEUTICALS,12,0.75,0.3333333333333333,0.025974025974025983
2025-09-24,PROFESSIONAL SERVICES,3,0.6666666666666666,0.0,0.025974025974025983
2025-09-24,REAL ESTATE,7,1.0,0.0,0.025974025974025983
2025-09-24,RETAIL,9,0.8888888888888888,0.2222222222222222,0.025974025974025983
2025-09-24,ROAD & RAIL,2,0.5,0.0,0.025974025974025983
2025-09-24,SEMICONDUCTORS,13,0.6153846153846154,0.15384615384615385,0.025974025974025983
2025-09-24,TECHNOLOGY,22,0.36363636363636365,0.09090909090909091,0.025974025974025983
2025-09-24,TELECOMMUNICATION,2,0.5,0.0,0.025974025974025983
2025-09-24,"TEXTILES, APPAREL & LUXURY GOODS",1,1.0,0.0,0.025974025974025983
2025-09-24,TOBACCO,2,0.5,0.0,0.025974025974025983
2025-09-24,TRADING COMPANIES & DISTRIBUTORS,0,0.0,0.0,0.025974025974025983
2025-09-24,TRANSPORTATION INFRASTRUCTURE,0,0.0,0.0,0.025974025974025983
2025-09-24,UNKNOWN,16,0.5625,0.1875,0.025974025974025983
2025-09-24,UTILITIES,0,0.0,0.0,0.025974025974025983
2025-09-25,AEROSPACE & DEFENSE,6,0.6666666666666666,0.0,0.0337078651685393
2025-09-25,AIRLINES,6,0.5,0.0,0.0337078651685393
2025-09-25,AUTO COMPONENTS,2,0.5,0.0,0.0337078651685393
2025-09-25,AUTOMOBILES,10,0.5,0.0,0.0337078651685393
2025-09-25,BANKING,24,0.5416666666666666,0.4166666666666667,0.0337078651685393
2025-09-25,BEVERAGES,0,0.0,0.0,0.0337078651685393
2025-09-25,BIOTECHNOLOGY,36,0.6111111111111112,0.08333333333333333,0.0337078651685393
2025-09-25,BUILDING,3,1.0,0.0,0.0337078651685393
2025-09-25,CHEMICALS,12,0.5833333333333334,0.0,0.0337078651685393
2025-09-25,COMMERCIAL SERVICES & SUPPLIES,1,1.0,0.0,0.0337078651685393
2025-09-25,COMMUNICATIONS,3,0.6666666666666666,0.0,0.0337078651685393
2025-09-25,CONSTRUCTION,2,0.5,0.0,0.0337078651685393
2025-09-25,CONSUMER PRODUCTS,3,0.6666666666666666,0.0,0.0337078651685393
2025-09-25,DISTRIBUTORS,1,1.0,0.0,0.0337078651685393
2025-09-25,DIVERSIFIED CONSUMER SERVICES,8,0.625,0.0,0.0337078651685393
2025-09-25,ELECTRICAL EQUIPMENT,10,0.5,0.0,0.0337078651685393
2025-09-25,ENERGY,10,0.7,0.0,0.0337078651685393
2025-09-25,FINANCIAL SERVICES,20,0.65,0.0,0.0337078651685393
2025-09-25,FOOD PRODUCTS,1,1.0,0.0,0.0337078651685393
2025-09-25,HEALTH CARE,25,0.52,0.0,0.0337078651685393
2025-09-25,"HOTELS, RESTAURANTS & LEISURE",18,0.7222222222222222,0.3888888888888889,0.0337078651685393
2025-09-25,INDUSTRIAL CONGLOMERATES,0,0.0,0.0,0.0337078651685393
2025-09-25,INSURANCE,9,0.7777777777777778,0.1111111111111111,0.0337078651685393
2025-09-25,LEISURE PRODUCTS,2,0.5,0.0,0.0337078651685393
2025-09-25,LIFE SCIENCES TOOLS & SERVICES,1,1.0,0.0,0.0337078651685393
2025-09-25,LOGISTICS & TRANSPORTATION,1,1.0,0.0,0.0337078651685393
2025-09-25,MACHINERY,6,0.6666666666666666,0.0,0.0337078651685393
2025-09-25,MARINE,0,0.0,0.0,0.0337078651685393
2025-09-25,MEDIA,17,0.5294117647058824,0.0,0.0337078651685393
2025-09-25,METALS & MINING,10,0.7,0.0,0.0337078651685393
2025-09-25,N/A,3,0.6666666666666666,0.0,0.0337078651685393
2025-09-25,PACKAGING,0,0.0,0.0,0.0337078651685393
2025-09-25,PAPER & FOREST,0,0.0,0.0,0.0337078651685393
2025-09-25,PHARMACEUTICALS,10,0.8,0.2,0.0337078651685393
2025-09-25,PROFESSIONAL SERVICES,4,0.5,0.0,0.0337078651685393
2025-09-25,REAL ESTATE,12,0.5833333333333334,0.0,0.0337078651685393
2025-09-25,RETAIL,27,0.4074074074074074,0.25925925925925924,0.0337078651685393
2025-09-25,ROAD & RAIL,4,0.5,0.0,0.0337078651685393
2025-09-25,SEMICONDUCTORS,18,0.3333333333333333,0.0,0.0337078651685393
2025-09-25,TECHNOLOGY,33,0.42424242424242425,0.030303030303030304,0.0337078651685393
2025-09-25,TELECOMMUNICATION,6,0.6666666666666666,0.0,0.0337078651685393
2025-09-25,"TEXTILES, APPAREL & LUXURY GOODS",3,0.6666666666666666,0.0,0.0337078651685393
2025-09-25,TOBACCO,0,0.0,0.0,0.0337078651685393
2025-09-25,TRADING COMPANIES & DISTRIBUTORS,1,1.0,0.0,0.0337078651685393
2025-09-25,TRANSPORTATION INFRASTRUCTURE,0,0.0,0.0,0.0337078651685393
2025-09-25,UNKNOWN,24,0.4166666666666667,0.0,0.0337078651685393
2025-09-25,UTILITIES,5,0.8,0.0,0.0337078651685393
2025-09-26,AEROSPACE & DEFENSE,10,0.4,0.0,0.01449275362318836
2025-09-26,AIRLINES,2,0.5,0.0,0.01449275362318836
2025-09-26,AUTO COMPONENTS,1,1.0,0.0,0.01449275362318836
2025-09-26,AUTOMOBILES,9,0.4444444444444444,0.0,0.01449275362318836
2025-09-26,BANKING,10,0.6,0.1,0.01449275362318836
2025-09-26,BEVERAGES,0,0.0,0.0,0.01449275362318836
2025-09-26,BIOTECHNOLOGY,18,0.5555555555555556,0.2222222222222222,0.01449275362318836
2025-09-26,BUILDING,4,0.5,0.0,0.01449275362318836
2025-09-26,CHEMICALS,3,0.6666666666666666,0.0,0.01449275362318836
2025-09-26,COMMERCIAL SERVICES & SUPPLIES,6,0.5,0.0,0.01449275362318836
2025-09-26,COMMUNICATIONS,0,0.0,0.0,0.01449275362318836
2025-09-26,CONSTRUCTION,3,0.6666666666666666,0.0,0.01449275362318836
2025-09-26,CONSUMER PRODUCTS,4,0.5,0.0,0.01449275362318836
2025-09-26,DISTRIBUTORS,0,0.0,0.0,0.01449275362318836
2025-09-26,DIVERSIFIED CONSUMER SERVICES,2,0.5,0.0,0.01449275362318836
2025-09-26,ELECTRICAL EQUIPMENT,10,0.6,0.0,0.01449275362318836
2025-09-26,ENERGY,10,0.6,0.1,0.01449275362318836
2025-09-26,FINANCIAL SERVICES,10,0.6,0.1,0.01449275362318836
2025-09-26,FOOD PRODUCTS,2,0.5,0.0,0.01449275362318836
2025-09-26,HEALTH CARE,21,0.6190476190476191,0.0,0.01449275362318836
2025-09-26,"HOTELS, RESTAURANTS & LEISURE",7,0.42857142857142855,0.0,0.01449275362318836
2025-09-26,INDUSTRIAL CONGLOMERATES,1,1.0,0.0,0.01449275362318836
2025-09-26,INSURANCE,6,0.6666666666666666,0.5,0.01449275362318836
2025-09-26,LEISURE PRODUCTS,0,0.0,0.0,0.01449275362318836
2025-09-26,LIFE SCIENCES TOOLS & SERVICES,1,1.0,0.0,0.01449275362318836
2025-09-26,LOGISTICS & TRANSPORTATION,0,0.0,0.0,0.01449275362318836
2025-09-26,MACHINERY,3,1.0,0.0,0.01449275362318836
2025-09-26,MARINE,0,0.0,0.0,0.01449275362318836
2025-09-26,MEDIA,16,0.5625,0.0,0.01449275362318836
2025-09-26,METALS & MINING,12,0.5,0.3333333333333333,0.01449275362318836
2025-09-26,N/A,6,0.6666666666666666,0.0,0.01449275362318836
2025-09-26,PACKAGING,0,0.0,0.0,0.01449275362318836
2025-09-26,PAPER & FOREST,1,1.0,0.0,0.01449275362318836
2025-09-26,PHARMACEUTICALS,22,0.5454545454545454,0.13636363636363635,0.01449275362318836
2025-09-26,PROFESSIONAL SERVICES,5,0.6,0.0,0.01449275362318836
2025-09-26,REAL ESTATE,9,0.7777777777777778,0.1111111111111111,0.01449275362318836
2025-09-26,RETAIL,15,0.4,0.0,0.01449275362318836
2025-09-26,ROAD & RAIL,1,1.0,0.0,0.01449275362318836
2025-09-26,SEMICONDUCTORS,11,0.5454545454545454,0.0,0.01449275362318836
2025-09-26,TECHNOLOGY,30,0.4666666666666667,0.0,0.01449275362318836
2025-09-26,TELECOMMUNICATION,3,0.6666666666666666,0.0,0.01449275362318836
2025-09-26,"TEXTILES, APPAREL & LUXURY GOODS",1,1.0,0.0,0.01449275362318836
2025-09-26,TOBACCO,1,1.0,0.0,0.01449275362318836
2025-09-26,TRADING COMPANIES & DISTRIBUTORS,0,0.0,0.0,0.01449275362318836
2025-09-26,TRANSPORTATION INFRASTRUCTURE,0,0.0,0.0,0.01449275362318836
2025-09-26,UNKNOWN,26,0.6153846153846154,0.038461538461538464,0.01449275362318836
2025-09-26,UTILITIES,1,1.0,0.0,0.01449275362318836
